,Model,MAE,RMSE
0,LR,0.42532838,0.5594834
1,SVM_NoScaling,0.233477125,0.494205463
2,SVM_MMScaling,0.226101031,0.479445063
3,SVM_StandardScaling,0.176878687,0.368008161
4,DT_NoScaling,0.3222145,0.66027534
5,DT_MMScaling,0.2916042,0.33223303
6,DT_StandardScaling,0.27151412,0.2252339
7,RF_NoScaling,0.30007871,0.6151608
8,RF_MMScaling,0.28474916,0.46674079
9,RF_StandardScaling,0.2404709,0.140546096
10,XGBoost,0.066247,0.103487
11,ARIMA,0.048289,0.055095
